16439,Toaru Anbu no Item,10.0,1,1
16327,"Go For It, Nakamura!",9.875,8,1
16309,Rooster Fighter,9.8,10,1
16030,Hanazakari no Kimitachi e,9.666666666666666,3,1
16257,Laid-Back Camp Season 4,9.625,16,1
8435,Omniscient Reader,9.533783783783784,148,1
18879,No. 7 West Mars St.,9.5,2,1
17710,The Dining of Link Lee 2nd Season,9.454545454545455,11,1
11016,The Fragrant Flower Blooms with Dignity,9.44308943089431,246,1
12732,Sousou no Frieren 2nd Season,9.432432432432432,222,1
